"","alf1","alf2"
"BICF2P755755_G",0.791666666666667,0.208333333333333
"TIGRP2P15079_rs8491542_0",1,0
"BICF2S23540830_A",0.760416666666667,0.239583333333333
"BICF2S23016817_C",0.979166666666667,0.0208333333333333
"BICF2P1114453_A",0.885416666666667,0.114583333333333
"G103f15S184_0",1,0
"BICF2P25585_0",1,0
"BICF2S2374550_G",0.697916666666667,0.302083333333333
"BICF2S23429870_A",0.733333333333333,0.266666666666667
"BICF2S23417991_G",0.729166666666667,0.270833333333333
